{
  "oculus-touch": {
    "right": {
      "pivot": [0.008828350122297227, 0.004711036012706688, -0.033178262406973684],
      "trigger": [-0.010188118479412134, -0.03170953333975519, -0.04449115507556696],
      "grip": [-0.016369879726382708, -0.003993069927130784, -0.0012170570469111769],
      "thumbstick": [-0.003008780294453464, 0.0031055583291644193, -0.048528655294224884],
      "button1": [-0.01568396486990664, 0.00661973487781855, -0.03427606555317576],
      "button2": [-0.02208486913048035, -0.002418530300291993, -0.04448094541918772],
      "buttonMenu": [-0.0010442002163550887, 0.009252836743564034, -0.028162446003628376]
    },
    "left": {
      "pivot": [-0.012784626268038495, 0.001209754691539681, -0.036081436591842875],
      "trigger": [0.005085371459512063, -0.03153392991997177, -0.043623134834128496],
      "grip": [0.011663309085423013, -0.0038500801466513773, -0.0009309327140462204],
      "thumbstick": [-0.001543850575847841, 0.0029135252954416426, -0.047505684092347455],
      "button1": [0.01117736725782317, 0.006403477606467943, -0.033594021344182066],
      "button2": [0.017282988225542164, -0.002717317152423824, -0.04355998113449408],
      "buttonMenu": [-0.0036261574103694655, 0.009214969513834232, -0.027469846996826537]
    }
  },
  "oculus-touch-v3": {
    "right": {
      "pivot": [0.0039677648665291075, -0.013622385466694864, -0.03988649712602874],
      "trigger": [-0.0037848861880599386, -0.03386147344006511, -0.027318957960335517],
      "grip": [-0.008476332078725602, -0.007552806701163133, 0.014248760071682465],
      "thumbstick": [0.008375486145446512, 0.0034552684794035508, -0.03212083584668385],
      "button1": [-0.004460303993014607, 0.008673099773586563, -0.016341912527267168],
      "button2": [-0.012055336331661013, -0.0007838867398059935, -0.02601112382435465],
      "buttonMenu": [0.014443262827458855, 0.010078562827854756, -0.013498571069140188]
    },
    "left": {
      "pivot": [-0.004655040933189747, -0.01353969901969538, -0.039930561907898926],
      "trigger": [0.0045632968392316665, -0.03340679687227881, -0.028230975379551153],
      "grip": [0.008564246500534521, -0.007069137230747459, 0.014158928027009271],
      "thumbstick": [-0.008103709753741268, 0.003671409218246601, -0.03185355502065784],
      "button1": [0.004480875163947911, 0.008785368747282156, -0.016185732652263713],
      "button2": [0.012513382433284667, -0.0008540297196753029, -0.025914537433388007],
      "buttonMenu": [-0.013906654509285039, 0.00989962668204529, -0.013634157875773649]
    }
  }
}